{
    "0": {
        "f1-score": 0.9860357702863329,
        "precision": 0.9892931786792476,
        "recall": 0.9827997425859015,
        "support": 576503
    },
    "1": {
        "f1-score": 0.9592940376722926,
        "precision": 0.9501741092290453,
        "recall": 0.968590731909706,
        "support": 195229
    },
    "accuracy": 0.9792052163186183,
    "macro avg": {
        "f1-score": 0.9726649039793127,
        "precision": 0.9697336439541464,
        "recall": 0.9756952372478038,
        "support": 771732
    },
    "weighted avg": {
        "f1-score": 0.9792707771066974,
        "precision": 0.9793970271529489,
        "recall": 0.9792052163186183,
        "support": 771732
    }
}