{
    "0": {
        "f1-score": 0.9854534797464469,
        "precision": 0.988125093740081,
        "recall": 0.9827962733932001,
        "support": 576503
    },
    "1": {
        "f1-score": 0.9574989773024668,
        "precision": 0.9499944539120088,
        "recall": 0.965123009388974,
        "support": 195229
    },
    "accuracy": 0.9783253772034851,
    "macro avg": {
        "f1-score": 0.9714762285244569,
        "precision": 0.9690597738260449,
        "recall": 0.973959641391087,
        "support": 771732
    },
    "weighted avg": {
        "f1-score": 0.9783816859661764,
        "precision": 0.978478990322062,
        "recall": 0.9783253772034851,
        "support": 771732
    }
}